{"schemaVersion":"1.0","appDefinitionTemplate":{"id":"/providers/Microsoft.PowerApps/apps/","type":"Microsoft.PowerApps/apps","tags":{"primaryDeviceWidth":"1366","primaryDeviceHeight":"768","supportsPortrait":"false","supportsLandscape":"true","primaryFormFactor":"Tablet","publisherVersion":"3.22091.11","minimumRequiredApiVersion":"2.2.0","hasComponent":"true","hasUnlockedComponent":"true","isUnifiedRootApp":"false","sienaVersion":"20220927T082052Z-3.22091.11.0"},"properties":{"appVersion":"2022-09-27T08:20:52Z","lifeCycleId":"Published","createdByClientVersion":{"major":3,"minor":22091,"build":11,"revision":0,"majorRevision":0,"minorRevision":0},"minClientVersion":{"major":3,"minor":22091,"build":11,"revision":0,"majorRevision":0,"minorRevision":0},"backgroundColor":"RGBA(0,176,240,1)","backgroundImageUri":"/3980578587997555818/N2c57dd25-95b2-4c52-baa1-1fd7347898b5-logoSmallFile","displayName":"ARPA-Pipeline","description":"","commitMessage":"","appUris":{"documentUri":{"value":"/3980578587997555818/N9ddbb0ee-856a-4899-a64f-cc52b00e6590-document.msapp"},"imageUris":[],"additionalUris":[]},"createdTime":"0001-01-01T00:00:00Z","lastModifiedTime":"0001-01-01T00:00:00Z","sharedGroupsCount":0,"sharedUsersCount":0,"icons":{"smallIconUri":"/3980578587997555818/Nabdf54d6-34aa-44db-bdd5-15096b244dca-small.png","mediumIconUri":"/3980578587997555818/N031010f8-b769-4576-9fbe-ba2334acb87a-medium.png","largeIconUri":"/3980578587997555818/Nb387a82d-7178-4483-901a-5a4033711c05-large.png","wideIconUri":"/3980578587997555818/Nebc1a277-2d0c-4e9f-a0fc-8ac44c22c293-wide.png"},"connectionReferences":{"67e54f83-6650-4d53-8103-76df4962affe":{"id":"d7431d66-14d8-4f86-9062-9c026c84a6bf","displayName":"SharePoint","iconUri":"https://connectoricons-prod.azureedge.net/releases/v1.0.1591/1.0.1591.2961/sharepointonline/icon.png","dataSources":["ARPA Service manager list"],"dependencies":[],"dependents":[],"parameterHints":{},"parameterHintsV2":{},"isOnPremiseConnection":false,"bypassConsent":false,"dataSets":{},"apiTier":"Standard","isCustomApiConnection":false,"actions":["providers/PowerPlatform.Governance/Operations/Read","providers/PowerPlatform.Governance/Operations/Write"]},"482b78f9-a410-434e-960f-e457babb2458":{"id":"d7431d66-14d8-4f86-9062-9c026c84a6bf","displayName":"SharePoint","iconUri":"https://connectoricons-prod.azureedge.net/releases/v1.0.1591/1.0.1591.2961/sharepointonline/icon.png","dataSources":["ARPA Service manager list"],"dependencies":[],"dependents":[],"parameterHints":{},"parameterHintsV2":{},"isOnPremiseConnection":false,"bypassConsent":false,"dataSets":{"https://amadeusworkplace.sharepoint.com/sites/RPAProgram":{"dataSources":{"ARPA Service manager list":{"tableName":"3e7d6611-daae-46e1-9a49-1d85dd1268d3"}}}},"apiTier":"Standard","isCustomApiConnection":false,"actions":["providers/PowerPlatform.Governance/Operations/Read","providers/PowerPlatform.Governance/Operations/Write"]},"dcb4e59e-f44c-4d4e-a704-8685c0088193":{"id":"d7431d66-14d8-4f86-9062-9c026c84a6bf","displayName":"SharePoint","iconUri":"https://connectoricons-prod.azureedge.net/releases/v1.0.1591/1.0.1591.2961/sharepointonline/icon.png","dataSources":["Var_ARPA_List"],"dependencies":[],"dependents":[],"parameterHints":{},"parameterHintsV2":{},"isOnPremiseConnection":false,"bypassConsent":false,"dataSets":{"https://amadeusworkplace.sharepoint.com/sites/RPAProgram/":{"datasetOverride":{"name":"https://amadeusworkplace.sharepoint.com/sites/RPAProgram/","environmentVariableName":"ama_Var_ARPA_Site"},"dataSources":{"Var_ARPA_List":{"tableName":"4e2000a3-9cf4-4570-bbd6-3d0d87921a0e","tableNameOverride":{"name":"4e2000a3-9cf4-4570-bbd6-3d0d87921a0e","environmentVariableName":"ama_Var_ARPA_List"}}}}},"apiTier":"Standard","isCustomApiConnection":false,"actions":["providers/PowerPlatform.Governance/Operations/Read","providers/PowerPlatform.Governance/Operations/Write"]}},"databaseReferences":{},"almMode":"Solution","performanceOptimizationEnabled":true,"canConsumeAppPass":true,"enableModernRuntimeMode":false,"executionRestrictions":{"isTeamsOnly":false,"dataLossPreventionEvaluationResult":{"status":"Compliant","lastEvaluationDate":"2022-08-08T04:17:57.3980117Z","violations":[],"violationsByPolicy":[],"violationErrorMessage":"The app uses the following connectors: shared_sharepointonline."}}},"appType":"ClassicCanvasApp","appComponents":[]}}